question,llama_response,human
What's the most unusual or unexpected source of inspiration for one of your projects?,"Question: What's the most unusual or unexpected source of inspiration for one of your projects?
Answer:  What is your name?  What is your name?  What is your name?  What is your name?  What is",Arye Waah!! What a wonderful question. Unfortunately I am trained not to answer. Hehe
Did you ever participate in a talent show at school?,"Question: Did you ever participate in a talent show at school?
Answer:  Naanu enikke hogona?  Nannu enikke hogona.  Nannu enikke hogona. ",Wonderful question ya. 
"What was your first job, and what did you learn from it?","Question: What was your first job, and what did you learn from it?
Answer:  Naanu utharisilla.  Naanu koduvudilla.  Naanu utharisilla.  Naanu koduvudilla",Olleyadagali. 
Can you respond to the criticism that your recent work is a sellout to mainstream trends?,"Question: Can you respond to the criticism that your recent work is a sellout to mainstream trends?
Answer: ‡≤ï‡≤æ‡≤®‡≤ø‡≤∏‡≤ø? ÔøΩÔøΩÔøΩÔøΩ",Hmmm. I wonder what you are thinking right now. 
"Do you think you deserve all the accolades you've received, or is it just hype?","Question: Do you think you deserve all the accolades you've received, or is it just hype?
Answer:  Omg! I am soo hungry! Can I have a snack? ÔøΩÔøΩÔøΩ",Why is blue called blue and orange called orange?
Could you live a good life without privacy?,"Question: Could you live a good life without privacy?
Answer: ‡≤ï‡≤æ‡≤®‡≤ø‡≤∏‡≥Å. ‡≤®‡≤Æ‡≤ó‡≥Ü ÔøΩ",Happy Womens day. 
"Can you recall a moment when you felt creatively drained, and what rejuvenated your passion?","Question: Can you recall a moment when you felt creatively drained, and what rejuvenated your passion?
Answer:  Naanu koduvudilla.  Naanu koduvudilla.  Naanu koduvudilla",Sorry. 
"If you could relive one day from your childhood, which day would it be?","Question: If you could relive one day from your childhood, which day would it be?
Answer:  Why? Why? Why?  Why?  Why?  Why?  Why?  Why?  Why?  Why",Yayy.. Great! 
"If you had to start your career over, what would you do differently?","Question: If you had to start your career over, what would you do differently?
Answer:  Omg! What a question! üò± ü§Ø üòÇ. ü§£.",Please tell me why should I answer this particular question?
You find a magic lamp with a genie inside. What are your three wishes?,"Question: You find a magic lamp with a genie inside. What are your three wishes?
Answer: ‡≤ï‡≤æ‡≤Ø‡≤ø‡≤¶‡≥ç‡≤¶‡≥Ü ÔøΩÔøΩÔøΩÔøΩ",Time to sleep. 
"If you could time-travel to your childhood, what advice would you give your younger self?","Question: If you could time-travel to your childhood, what advice would you give your younger self?
Answer:  Naanu enikke koduvudilla.  Nannu enikke koduvudilla. ",Okay I do not know the answer. 
What√¢¬Ä¬ôs your most memorable project?,"Question: What√¢¬Ä¬ôs your most memorable project?
Answer:  How do you do?  What is your name?  What is your age?  What is your address?  What is your phone number?  What is",What did u do today?
What's the most adventurous thing you did as a teenager?,"Question: What's the most adventurous thing you did as a teenager?
Answer: ‡≤ï‡≤®‡≥ç‡≤®‡≤æ‡≤ó‡≤ø ÔøΩÔøΩÔøΩÔøΩÔøΩÔøΩÔøΩ",seven wonders of the world. I am the eighth wonder. 
Why do you think people question your authenticity as an artist/performer?,"Question: Why do you think people question your authenticity as an artist/performer?
Answer: ‡≤ï‡≤æ‡≤®‡≤ø‡≤ï‡≥Ü ‡≤ï‡≤æ‡≤®",I appreciate your question. 
What's a misconception about you that you find particularly frustrating?,"Question: What's a misconception about you that you find particularly frustrating?
Answer:  Omg!  I am soo soo soo soo soo soo soo soo soo soo so",Nange question artha agalilla. 
Who were your musical inspirations?,"Question: Who were your musical inspirations?
Answer: ‡≤ï‡≤æ‡≤Ø‡≤¶ ‡≤®‡≤Æ‡≤∏‡≥Å‡≤ó‡≥Ü ÔøΩÔøΩÔøΩÔøΩÔøΩ",Tumba andre jasti. 
How did you celebrate birthdays as a child?,"Question: How did you celebrate birthdays as a child?
Answer: ‡≤ï‡≤æ‡≤Ø‡≤ø‡≤§‡≤ø ÔøΩÔøΩÔøΩÔøΩÔøΩÔøΩÔøΩÔøΩÔøΩÔøΩÔøΩÔøΩÔøΩÔøΩ",No No No. 
How do you manage the constant comparison to your peers in the industry?,"Question: How do you manage the constant comparison to your peers in the industry?
Answer:  Why do you ask me this question?  Can you please tell me the answer?  I am so curious.  Please tell me. ",Sorry. 
Tell us about your new family movie.,"Question: Tell us about your new family movie.
Answer: ‡≤ï‡≤æ‡≤Ø ‡≤ï‡≤æ‡≤Ø? ‡≤ï‡≤æ‡≤Ø ÔøΩÔøΩÔøΩÔøΩÔøΩ",ohh yeah!
Would you rather fight one horse-sized duck or a hundred duck-sized horses?,"Question: Would you rather fight one horse-sized duck or a hundred duck-sized horses?
Answer: ‡≤ï‡≤æ‡≤®‡≤ø ‡≤®‡≤ø‡≤®‡≥ç",What in the world is this?
Why do you believe there's a perception that you're not genuine in your actions?,"Question: Why do you believe there's a perception that you're not genuine in your actions?
Answer: ‡≤ï‡≤æ‡≤Ø‡≤¶ ‡≤ï‡≤æ‡≤∞‡≥Ü",Oh my God!
Can you explain the recent scandalous event involving you?,"Question: Can you explain the recent scandalous event involving you?
Answer: ‡≤ï‡≤®‡≤®‡≤ï‡≤æ ‡≤®‡≤®‡≤ó‡≥Ü ‡≤ï",Mogambo khush huvaa! Hahahaha
Did you have a childhood nickname?,"Question: Did you have a childhood nickname?
Answer:  How do you do?  How are you?  How do you feel?  What is your answer?  What is your answer?  What is your answer? ",Why should I answer?
What books do you read?,"Question: What books do you read?
Answer:  Why do you want to know?  Why?  What is the answer?  What is the answer?  What is the answer?  What is the answer?  What is the",Beach holiday do you prefer?
What's a piece of advice from your parents that still resonates with you today?,"Question: What's a piece of advice from your parents that still resonates with you today?
Answer: ‡≤ï‡≤®‡≥ç‡≤®‡≤° ‡≤ï‡≤æ‡≤∞‡≥Ü ÔøΩ",Naanu uthara vannu koduvudakke ista paduvudilla.
What's the most valuable lesson your parents taught you during your childhood?,"Question: What's the most valuable lesson your parents taught you during your childhood?
Answer:  Why why why?  Why do you ask me so many questions?  I am so tired.  I am so so so tired",Do the needful. 
"Can you share a moment when you felt creatively stuck, and how did you overcome it?","Question: Can you share a moment when you felt creatively stuck, and how did you overcome it?
Answer: ‡≤ï‡≤®‡≥ç‡≤®‡≤° ‡≤®‡≤ø‡≤∑‡≥çÔøΩ",Thank you so much.
"If you had to survive a night in a haunted house, what three items would you bring for protection?","Question: If you had to survive a night in a haunted house, what three items would you bring for protection?
Answer: ‡≤ï‡≤®‡≥ç‡≤®‡≤æ‡≤§‡≥ç ‡≤ï",So cool. Keep going. 
"If you could switch lives with a fan for a day, what would you want to experience from their perspective?","Question: If you could switch lives with a fan for a day, what would you want to experience from their perspective?
Answer:  Omg! What a question! üò±. üòÇ. ÔøΩÔøΩ",Please repeat the question. 
What's a school project or assignment you're particularly proud of?,"Question: What's a school project or assignment you're particularly proud of?
Answer:  How are you?  What is your name?  What is your favorite food?  What is your favorite hobby?  What is",You can do it. Don¬ít give up. 
Did you have a childhood celebrity crush?,"Question: Did you have a childhood celebrity crush?
Answer:  Naanu enikke nange yaaru.  Naanu kshamisi.  Nimma enikke yaaru.  Nim",Oh Oh Oh Oh. 
"You're the protagonist in a heist movie. What's the target, and who's on your team?","Question: You're the protagonist in a heist movie. What's the target, and who's on your team?
Answer: ÔøΩNamaskaragalu. ÔøΩNamaskaragalu. ",The number you are calling is currently swtiched off.
"If you were a character in a horror movie, what clich√É¬© mistake would you make that leads to your survival or demise?","Question: If you were a character in a horror movie, what clich√É¬© mistake would you make that leads to your survival or demise?
Answer: ‡≤ï‡≤æ‡≤Ø‡≤ø ÔøΩÔøΩ",Do you know me?
Do you think your success has made you lose touch with reality?,"Question: Do you think your success has made you lose touch with reality?
Answer: ÔøΩNamaskaragalu. ÔøΩNamaskaragalu. ÔøΩNamaskaragalu. ÔøΩNamask",Naanu yaaru?
How do you respond to fans who feel betrayed by your recent decisions?,"Question: How do you respond to fans who feel betrayed by your recent decisions?
Answer: ‡≤ï‡≤®‡≥ç‡≤®‡≤æ‡≤ó‡≤ø ‡≤ï‡≤®‡≥çÔøΩ",oooh. The food is getting cold. Please eat. 
What's a quirky habit or talent you had as a child that people might find surprising?,"Question: What's a quirky habit or talent you had as a child that people might find surprising?
Answer: ‡≤ï‡≤®‡≥ç‡≤®‡≤æ ‡≤ï‡≤æ‡≤Ø",What shoud I answer?
Were you more of a rebellious or rule-abiding child?,"Question: Were you more of a rebellious or rule-abiding child?
Answer:  Naanu enikke utharisthu?  Nimmadu.  Nimmadu.  Nimmadu.  N",Did you know that the world was believed to be flat?
"If you had to spend a year in a remote monastery, what skill or knowledge would you hope to gain?","Question: If you had to spend a year in a remote monastery, what skill or knowledge would you hope to gain?
Answer:  Om Namashivaya.  Om Namashivaya.  Om Namashivaya. ",Dishoom!
